,Attacker,Graph size,Returns,Episode lengths
0,well-informed,7,5.0,203.0
1,well-informed,7,-7559.0,16.0
2,well-informed,7,-18766.0,251.0
3,well-informed,7,-55223.0,115.0
4,well-informed,7,-4852.0,8.0
5,well-informed,27,-49113.0,486.0
6,well-informed,27,-58865.0,498.0
7,well-informed,27,-39394.0,389.0
8,well-informed,27,-52429.0,635.0
9,well-informed,27,-71409.0,519.0
10,well-informed,44,-85531.0,691.0
11,well-informed,44,-118847.0,1126.0
12,well-informed,44,-55060.0,1081.0
13,well-informed,44,-155302.0,862.0
14,well-informed,44,-81842.0,478.0
15,well-informed,56,-70079.0,412.0
16,well-informed,56,-108616.0,421.0
17,well-informed,56,-124608.0,350.0
18,well-informed,56,-111526.0,436.0
19,well-informed,56,-111216.0,356.0
20,well-informed,62,-61382.0,574.0
21,well-informed,62,-84570.0,607.0
22,well-informed,62,-70449.0,593.0
23,well-informed,62,-165120.0,562.0
24,well-informed,62,-145965.0,749.0
25,well-informed,65,-111880.0,436.0
26,well-informed,65,-127947.0,1003.0
27,well-informed,65,-66058.0,911.0
28,well-informed,65,-117925.0,444.0
29,well-informed,65,-135306.0,561.0
30,well-informed,78,-180150.0,694.0
31,well-informed,78,-162837.0,752.0
32,well-informed,78,-135524.0,1202.0
33,well-informed,78,-205091.0,908.0
34,well-informed,78,-111538.0,1590.0
35,informed,7,5.0,203.0
36,informed,7,-7559.0,16.0
37,informed,7,-18766.0,251.0
38,informed,7,-55223.0,115.0
39,informed,7,-4852.0,8.0
40,informed,27,-49113.0,486.0
41,informed,27,-58865.0,498.0
42,informed,27,-39394.0,389.0
43,informed,27,-52429.0,635.0
44,informed,27,-71409.0,519.0
45,informed,44,-85531.0,691.0
46,informed,44,-118847.0,1126.0
47,informed,44,-55060.0,1081.0
48,informed,44,-155302.0,862.0
49,informed,44,-81842.0,478.0
50,informed,56,-70079.0,412.0
51,informed,56,-108616.0,421.0
52,informed,56,-124608.0,350.0
53,informed,56,-111526.0,436.0
54,informed,56,-111216.0,356.0
55,informed,62,-61382.0,574.0
56,informed,62,-84570.0,607.0
57,informed,62,-70449.0,593.0
58,informed,62,-165120.0,562.0
59,informed,62,-145965.0,749.0
60,informed,65,-111880.0,436.0
61,informed,65,-127947.0,1003.0
62,informed,65,-66058.0,911.0
63,informed,65,-117925.0,444.0
64,informed,65,-135306.0,561.0
65,informed,78,-180150.0,694.0
66,informed,78,-162837.0,752.0
67,informed,78,-135524.0,1202.0
68,informed,78,-205091.0,908.0
69,informed,78,-111538.0,1590.0
70,round-robin-no-action,7,401.0,401.0
71,round-robin-no-action,7,-7029.0,37.0
72,round-robin-no-action,7,-18454.0,65.0
73,round-robin-no-action,7,-22550.0,109.0
74,round-robin-no-action,7,-7261.0,51.0
75,round-robin-no-action,27,-47383.0,832.0
76,round-robin-no-action,27,-51901.0,497.0
77,round-robin-no-action,27,-48117.0,1280.0
78,round-robin-no-action,27,-60149.0,613.0
79,round-robin-no-action,27,-52248.0,1287.0
80,round-robin-no-action,44,-82651.0,1011.0
81,round-robin-no-action,44,-101229.0,1387.0
82,round-robin-no-action,44,-59444.0,871.0
83,round-robin-no-action,44,-65443.0,1912.0
84,round-robin-no-action,44,-92717.0,1219.0
85,round-robin-no-action,56,-65178.0,789.0
86,round-robin-no-action,56,-103984.0,995.0
87,round-robin-no-action,56,-114271.0,701.0
88,round-robin-no-action,56,-45248.0,1615.0
89,round-robin-no-action,56,-97171.0,1093.0
90,round-robin-no-action,62,-52790.0,1111.0
91,round-robin-no-action,62,-88255.0,1148.0
92,round-robin-no-action,62,-107671.0,1650.0
93,round-robin-no-action,62,-125428.0,1067.0
94,round-robin-no-action,62,-118090.0,964.0
95,round-robin-no-action,65,-105656.0,825.0
96,round-robin-no-action,65,-92007.0,1106.0
97,round-robin-no-action,65,-120869.0,828.0
98,round-robin-no-action,65,-126414.0,682.0
99,round-robin-no-action,65,-98594.0,1331.0
100,round-robin-no-action,78,-173580.0,1059.0
101,round-robin-no-action,78,-171603.0,1314.0
102,round-robin-no-action,78,-125736.0,1086.0
103,round-robin-no-action,78,-144297.0,2665.0
104,round-robin-no-action,78,-54755.0,1916.0
105,round-robin,7,5.0,203.0
106,round-robin,7,-7559.0,16.0
107,round-robin,7,-18766.0,251.0
108,round-robin,7,-55223.0,115.0
109,round-robin,7,-4852.0,8.0
110,round-robin,27,-49113.0,486.0
111,round-robin,27,-58865.0,498.0
112,round-robin,27,-39394.0,389.0
113,round-robin,27,-52429.0,635.0
114,round-robin,27,-71409.0,519.0
115,round-robin,44,-85531.0,691.0
116,round-robin,44,-118847.0,1126.0
117,round-robin,44,-55060.0,1081.0
118,round-robin,44,-155302.0,862.0
119,round-robin,44,-81842.0,478.0
120,round-robin,56,-70079.0,412.0
121,round-robin,56,-108616.0,421.0
122,round-robin,56,-124608.0,350.0
123,round-robin,56,-111526.0,436.0
124,round-robin,56,-111216.0,356.0
125,round-robin,62,-61382.0,574.0
126,round-robin,62,-84570.0,607.0
127,round-robin,62,-70449.0,593.0
128,round-robin,62,-165120.0,562.0
129,round-robin,62,-145965.0,749.0
130,round-robin,65,-111880.0,436.0
131,round-robin,65,-127947.0,1003.0
132,round-robin,65,-66058.0,911.0
133,round-robin,65,-117925.0,444.0
134,round-robin,65,-135306.0,561.0
135,round-robin,78,-180150.0,694.0
136,round-robin,78,-162837.0,752.0
137,round-robin,78,-135524.0,1202.0
138,round-robin,78,-205091.0,908.0
139,round-robin,78,-111538.0,1590.0
140,random-no-action,7,431.0,416.0
141,random-no-action,7,-8599.0,21.0
142,random-no-action,7,-9442.0,133.0
143,random-no-action,7,-24646.0,635.0
144,random-no-action,7,-7444.0,301.0
145,random-no-action,27,-46808.0,947.0
146,random-no-action,27,-52297.0,836.0
147,random-no-action,27,-65404.0,869.0
148,random-no-action,27,-41512.0,1408.0
149,random-no-action,27,-117826.0,336.0
150,random-no-action,44,-81967.0,1087.0
151,random-no-action,44,-117980.0,813.0
152,random-no-action,44,-106676.0,1478.0
153,random-no-action,44,-40314.0,1708.0
154,random-no-action,44,-96785.0,1124.0
155,random-no-action,56,-64138.0,869.0
156,random-no-action,56,-143188.0,995.0
157,random-no-action,56,-122667.0,916.0
158,random-no-action,56,-158373.0,1367.0
159,random-no-action,56,-165240.0,486.0
160,random-no-action,62,-50486.0,1255.0
161,random-no-action,62,-213355.0,1358.0
162,random-no-action,62,-163092.0,877.0
163,random-no-action,62,-150893.0,618.0
164,random-no-action,62,-65026.0,705.0
165,random-no-action,65,-104072.0,924.0
166,random-no-action,65,-155206.0,877.0
167,random-no-action,65,-149621.0,1382.0
168,random-no-action,65,-158000.0,919.0
169,random-no-action,65,-108212.0,1180.0
170,random-no-action,78,-172158.0,1138.0
171,random-no-action,78,-112482.0,1580.0
172,random-no-action,78,-194871.0,1801.0
173,random-no-action,78,-78012.0,2739.0
174,random-no-action,78,-77207.0,1692.0
175,random,7,5.0,203.0
176,random,7,-7559.0,16.0
177,random,7,-18766.0,251.0
178,random,7,-55223.0,115.0
179,random,7,-4852.0,8.0
180,random,27,-49113.0,486.0
181,random,27,-58865.0,498.0
182,random,27,-39394.0,389.0
183,random,27,-52429.0,635.0
184,random,27,-71409.0,519.0
185,random,44,-85531.0,691.0
186,random,44,-118847.0,1126.0
187,random,44,-55060.0,1081.0
188,random,44,-155302.0,862.0
189,random,44,-81842.0,478.0
190,random,56,-70079.0,412.0
191,random,56,-108616.0,421.0
192,random,56,-124608.0,350.0
193,random,56,-111526.0,436.0
194,random,56,-111216.0,356.0
195,random,62,-61382.0,574.0
196,random,62,-84570.0,607.0
197,random,62,-70449.0,593.0
198,random,62,-165120.0,562.0
199,random,62,-145965.0,749.0
200,random,65,-111880.0,436.0
201,random,65,-127947.0,1003.0
202,random,65,-66058.0,911.0
203,random,65,-117925.0,444.0
204,random,65,-135306.0,561.0
205,random,78,-180150.0,694.0
206,random,78,-162837.0,752.0
207,random,78,-135524.0,1202.0
208,random,78,-205091.0,908.0
209,random,78,-111538.0,1590.0
210,well-informed,7,-975.0,76.0
211,well-informed,7,-10829.0,55.0
212,well-informed,7,-6185.0,226.0
213,well-informed,7,-2200.0,127.0
214,well-informed,7,-17769.0,420.0
215,well-informed,27,-65112.0,434.0
216,well-informed,27,-15551.0,832.0
217,well-informed,27,-49482.0,308.0
218,well-informed,27,-73633.0,651.0
219,well-informed,27,-36307.0,477.0
220,well-informed,44,-169192.0,613.0
221,well-informed,44,-119267.0,649.0
222,well-informed,44,-123496.0,727.0
223,well-informed,44,-68415.0,1065.0
224,well-informed,44,-67753.0,1230.0
225,well-informed,56,-162881.0,457.0
226,well-informed,56,-98836.0,307.0
227,well-informed,56,-159664.0,606.0
228,well-informed,56,-83140.0,432.0
229,well-informed,56,-118011.0,543.0
230,well-informed,62,-92724.0,532.0
231,well-informed,62,-154762.0,779.0
232,well-informed,62,-112833.0,803.0
233,well-informed,62,-157510.0,409.0
234,well-informed,62,-92618.0,630.0
235,well-informed,65,-170076.0,660.0
236,well-informed,65,-158037.0,660.0
237,well-informed,65,-99183.0,755.0
238,well-informed,65,-84838.0,578.0
239,well-informed,65,-172887.0,407.0
240,informed,7,-975.0,76.0
241,informed,7,-10829.0,55.0
242,informed,7,-6185.0,226.0
243,informed,7,-2200.0,127.0
244,informed,7,-17769.0,420.0
245,informed,27,-65112.0,434.0
246,informed,27,-15551.0,832.0
247,informed,27,-49482.0,308.0
248,informed,27,-73633.0,651.0
249,informed,27,-36307.0,477.0
250,informed,44,-169192.0,613.0
251,informed,44,-119267.0,649.0
252,informed,44,-123496.0,727.0
253,informed,44,-68415.0,1065.0
254,informed,44,-67753.0,1230.0
255,informed,56,-162881.0,457.0
256,informed,56,-98836.0,307.0
257,informed,56,-159664.0,606.0
258,informed,56,-83140.0,432.0
259,informed,56,-118011.0,543.0
260,informed,62,-92724.0,532.0
261,informed,62,-154762.0,779.0
262,informed,62,-112833.0,803.0
263,informed,62,-157510.0,409.0
264,informed,62,-92618.0,630.0
265,informed,65,-170076.0,660.0
266,informed,65,-158037.0,660.0
267,informed,65,-99183.0,755.0
268,informed,65,-84838.0,578.0
269,informed,65,-172887.0,407.0
270,informed,78,-199695.0,877.0
271,informed,78,-144798.0,1172.0
272,informed,78,-224869.0,605.0
273,informed,78,-209469.0,740.0
274,informed,78,-128788.0,1202.0
275,round-robin-no-action,7,-833.0,147.0
276,round-robin-no-action,7,-3796.0,145.0
277,round-robin-no-action,7,-24616.0,239.0
278,round-robin-no-action,7,-955.0,15.0
279,round-robin-no-action,7,-5190.0,171.0
280,round-robin-no-action,27,-64152.0,626.0
281,round-robin-no-action,27,-40466.0,1365.0
282,round-robin-no-action,27,-108300.0,648.0
283,round-robin-no-action,27,-34965.0,479.0
284,round-robin-no-action,27,-44469.0,338.0
285,round-robin-no-action,44,-165934.0,975.0
286,round-robin-no-action,44,-34480.0,1943.0
287,round-robin-no-action,44,-77472.0,1974.0
288,round-robin-no-action,44,-50146.0,1501.0
289,round-robin-no-action,44,-69198.0,1118.0
290,round-robin-no-action,56,-157616.0,862.0
291,round-robin-no-action,56,-106799.0,1529.0
292,round-robin-no-action,56,-74868.0,1096.0
293,round-robin-no-action,56,-56416.0,1199.0
294,round-robin-no-action,56,-143572.0,1218.0
295,round-robin-no-action,62,-84820.0,1026.0
296,round-robin-no-action,62,-68885.0,839.0
297,round-robin-no-action,62,-149621.0,859.0
298,round-robin-no-action,62,-189423.0,732.0
299,round-robin-no-action,62,-101911.0,629.0
300,round-robin-no-action,65,-162556.0,1130.0
301,round-robin-no-action,65,-86212.0,1985.0
302,round-robin-no-action,65,-116361.0,1260.0
303,round-robin-no-action,65,-108594.0,1084.0
304,round-robin-no-action,65,-88497.0,1026.0
305,round-robin-no-action,78,-193845.0,1202.0
306,round-robin-no-action,78,-223792.0,1830.0
307,round-robin-no-action,78,-135995.0,1001.0
308,round-robin-no-action,78,-90603.0,2454.0
309,round-robin-no-action,78,-229890.0,1120.0
310,round-robin,7,-975.0,76.0
311,round-robin,7,-10829.0,55.0
312,round-robin,7,-6185.0,226.0
313,round-robin,7,-2200.0,127.0
314,round-robin,7,-17769.0,420.0
315,round-robin,27,-65112.0,434.0
316,round-robin,27,-15551.0,832.0
317,round-robin,27,-49482.0,308.0
318,round-robin,27,-73633.0,651.0
319,round-robin,27,-36307.0,477.0
320,round-robin,44,-169192.0,613.0
321,round-robin,44,-119267.0,649.0
322,round-robin,44,-123496.0,727.0
323,round-robin,44,-68415.0,1065.0
324,round-robin,44,-67753.0,1230.0
325,round-robin,56,-162881.0,457.0
326,round-robin,56,-98836.0,307.0
327,round-robin,56,-159664.0,606.0
328,round-robin,56,-83140.0,432.0
329,round-robin,56,-118011.0,543.0
330,round-robin,62,-92724.0,532.0
331,round-robin,62,-154762.0,779.0
332,round-robin,62,-112833.0,803.0
333,round-robin,62,-157510.0,409.0
334,round-robin,62,-92618.0,630.0
335,round-robin,65,-170076.0,660.0
336,round-robin,65,-158037.0,660.0
337,round-robin,65,-99183.0,755.0
338,round-robin,65,-84838.0,578.0
339,round-robin,65,-172887.0,407.0
340,round-robin,78,-199695.0,877.0
341,round-robin,78,-144798.0,1172.0
342,round-robin,78,-224869.0,605.0
343,round-robin,78,-209469.0,740.0
344,round-robin,78,-128788.0,1202.0
345,random-no-action,7,-865.0,131.0
346,random-no-action,7,-1543.0,31.0
347,random-no-action,7,-2514.0,80.0
348,random-no-action,7,-556.0,333.0
349,random-no-action,7,-11886.0,882.0
350,random-no-action,27,-64262.0,604.0
351,random-no-action,27,-43313.0,1468.0
352,random-no-action,27,-41084.0,853.0
353,random-no-action,27,-73509.0,1464.0
354,random-no-action,27,-82039.0,510.0
355,random-no-action,44,-166132.0,953.0
356,random-no-action,44,-90918.0,934.0
357,random-no-action,44,-92841.0,1512.0
358,random-no-action,44,-114982.0,873.0
359,random-no-action,44,-151542.0,1083.0
360,random-no-action,56,-157798.0,848.0
361,random-no-action,56,-102442.0,645.0
362,random-no-action,56,-150149.0,1629.0
363,random-no-action,56,-127580.0,1239.0
364,random-no-action,56,-80191.0,580.0
365,random-no-action,62,-85124.0,1007.0
366,random-no-action,62,-162352.0,701.0
367,random-no-action,62,-181361.0,523.0
368,random-no-action,62,-84853.0,1314.0
369,random-no-action,62,-201684.0,1001.0
370,random-no-action,65,-162828.0,1113.0
371,random-no-action,65,-149249.0,813.0
372,random-no-action,65,-133913.0,942.0
373,random-no-action,65,-165268.0,1116.0
374,random-no-action,65,-145093.0,1464.0
375,random-no-action,78,-194115.0,1187.0
376,random-no-action,78,-104177.0,2364.0
377,random-no-action,78,-140020.0,1496.0
378,random-no-action,78,-229384.0,1468.0
379,random-no-action,78,-147392.0,1156.0
380,random,7,-975.0,76.0
381,random,7,-10829.0,55.0
382,random,7,-6185.0,226.0
383,random,7,-2200.0,127.0
384,random,7,-17769.0,420.0
385,random,27,-65112.0,434.0
386,random,27,-15551.0,832.0
387,random,27,-49482.0,308.0
388,random,27,-73633.0,651.0
389,random,27,-36307.0,477.0
390,random,44,-169192.0,613.0
391,random,44,-119267.0,649.0
392,random,44,-123496.0,727.0
393,random,44,-68415.0,1065.0
394,random,44,-67753.0,1230.0
395,random,56,-162881.0,457.0
396,random,56,-98836.0,307.0
397,random,56,-159664.0,606.0
398,random,56,-83140.0,432.0
399,random,56,-118011.0,543.0
400,random,62,-92724.0,532.0
401,random,62,-154762.0,779.0
402,random,62,-112833.0,803.0
403,random,62,-157510.0,409.0
404,random,62,-92618.0,630.0
405,random,65,-170076.0,660.0
406,random,65,-158037.0,660.0
407,random,65,-99183.0,755.0
408,random,65,-84838.0,578.0
409,random,65,-172887.0,407.0
410,random,78,-199695.0,877.0
411,random,78,-144798.0,1172.0
412,random,78,-224869.0,605.0
413,random,78,-209469.0,740.0
414,random,78,-128788.0,1202.0
415,well-informed,7,-28054.0,69.0
416,well-informed,7,-4845.0,205.0
417,well-informed,7,-6995.0,341.0
418,well-informed,7,-10508.0,108.0
419,well-informed,7,-5712.0,99.0
420,well-informed,27,-34614.0,615.0
421,well-informed,27,-101927.0,177.0
422,well-informed,27,-33570.0,872.0
423,well-informed,27,-56149.0,437.0
424,well-informed,27,-66325.0,185.0
425,well-informed,44,-159076.0,537.0
426,well-informed,44,-142852.0,841.0
427,well-informed,44,-151590.0,801.0
428,well-informed,44,-141018.0,945.0
429,well-informed,44,-87376.0,575.0
430,well-informed,56,-152772.0,592.0
431,well-informed,56,-138580.0,371.0
432,well-informed,56,-92582.0,473.0
433,well-informed,56,-94014.0,241.0
434,well-informed,56,-80770.0,910.0
435,well-informed,62,-113537.0,223.0
436,well-informed,62,-147677.0,709.0
437,well-informed,62,-123876.0,514.0
438,well-informed,62,-129683.0,357.0
439,well-informed,62,-162122.0,447.0
440,well-informed,65,-141723.0,474.0
441,well-informed,65,-63665.0,474.0
442,well-informed,65,-121555.0,799.0
443,well-informed,65,-169500.0,487.0
444,well-informed,65,-109146.0,850.0
445,well-informed,78,-177614.0,1127.0
446,well-informed,78,-126973.0,999.0
447,well-informed,78,-201077.0,1241.0
448,well-informed,78,-147080.0,1002.0
449,well-informed,78,-237805.0,1219.0
450,informed,7,-28054.0,69.0
451,informed,7,-4845.0,205.0
452,informed,7,-6995.0,341.0
453,informed,7,-10508.0,108.0
454,informed,7,-5712.0,99.0
455,informed,27,-34614.0,615.0
456,informed,27,-101927.0,177.0
457,informed,27,-33570.0,872.0
458,informed,27,-56149.0,437.0
459,informed,27,-66325.0,185.0
460,informed,44,-159076.0,537.0
461,informed,44,-142852.0,841.0
462,informed,44,-151590.0,801.0
463,informed,44,-141018.0,945.0
464,informed,44,-87376.0,575.0
465,informed,56,-152772.0,592.0
466,informed,56,-138580.0,371.0
467,informed,56,-92582.0,473.0
468,informed,56,-94014.0,241.0
469,informed,56,-80770.0,910.0
470,informed,62,-113537.0,223.0
471,informed,62,-147677.0,709.0
472,informed,62,-123876.0,514.0
473,informed,62,-129683.0,357.0
474,informed,62,-162122.0,447.0
475,informed,65,-141723.0,474.0
476,informed,65,-63665.0,474.0
477,informed,65,-121555.0,799.0
478,informed,65,-169500.0,487.0
479,informed,65,-109146.0,850.0
480,informed,78,-177614.0,1127.0
481,informed,78,-126973.0,999.0
482,informed,78,-201077.0,1241.0
483,informed,78,-147080.0,1002.0
484,informed,78,-237805.0,1219.0
485,round-robin-no-action,7,-27926.0,133.0
486,round-robin-no-action,7,-5360.0,581.0
487,round-robin-no-action,7,-3280.0,59.0
488,round-robin-no-action,7,-11939.0,543.0
489,round-robin-no-action,7,-10849.0,41.0
490,round-robin-no-action,27,-32424.0,1053.0
491,round-robin-no-action,27,-38617.0,1540.0
492,round-robin-no-action,27,-48094.0,912.0
493,round-robin-no-action,27,-42562.0,673.0
494,round-robin-no-action,27,-65177.0,785.0
495,round-robin-no-action,44,-155854.0,895.0
496,round-robin-no-action,44,-77863.0,1515.0
497,round-robin-no-action,44,-105601.0,1305.0
498,round-robin-no-action,44,-64160.0,902.0
499,round-robin-no-action,44,-142799.0,528.0
500,round-robin-no-action,56,-145739.0,1133.0
501,round-robin-no-action,56,-45247.0,868.0
502,round-robin-no-action,56,-139320.0,728.0
503,round-robin-no-action,56,-83140.0,1215.0
504,round-robin-no-action,56,-116051.0,1051.0
505,round-robin-no-action,62,-110657.0,403.0
506,round-robin-no-action,62,-113607.0,1372.0
507,round-robin-no-action,62,-124627.0,1936.0
508,round-robin-no-action,62,-101552.0,552.0
509,round-robin-no-action,62,-93595.0,937.0
510,round-robin-no-action,65,-135115.0,887.0
511,round-robin-no-action,65,-152939.0,1050.0
512,round-robin-no-action,65,-143447.0,1818.0
513,round-robin-no-action,65,-164444.0,1030.0
514,round-robin-no-action,65,-150338.0,818.0
515,round-robin-no-action,78,-167822.0,1671.0
516,round-robin-no-action,78,-172059.0,792.0
517,round-robin-no-action,78,-115623.0,1977.0
518,round-robin-no-action,78,-272879.0,1336.0
519,round-robin-no-action,78,-180490.0,1125.0
520,round-robin,7,-28054.0,69.0
521,round-robin,7,-4845.0,205.0
522,round-robin,7,-6995.0,341.0
523,round-robin,7,-10508.0,108.0
524,round-robin,7,-5712.0,99.0
525,round-robin,27,-34614.0,615.0
526,round-robin,27,-101927.0,177.0
527,round-robin,27,-33570.0,872.0
528,round-robin,27,-56149.0,437.0
529,round-robin,27,-66325.0,185.0
530,round-robin,44,-159076.0,537.0
531,round-robin,44,-142852.0,841.0
532,round-robin,44,-151590.0,801.0
533,round-robin,44,-141018.0,945.0
534,round-robin,44,-87376.0,575.0
535,round-robin,56,-152772.0,592.0
536,round-robin,56,-138580.0,371.0
537,round-robin,56,-92582.0,473.0
538,round-robin,56,-94014.0,241.0
539,round-robin,56,-80770.0,910.0
540,round-robin,62,-113537.0,223.0
541,round-robin,62,-147677.0,709.0
542,round-robin,62,-123876.0,514.0
543,round-robin,62,-129683.0,357.0
544,round-robin,62,-162122.0,447.0
545,round-robin,65,-141723.0,474.0
546,round-robin,65,-63665.0,474.0
547,round-robin,65,-121555.0,799.0
548,round-robin,65,-169500.0,487.0
549,round-robin,65,-109146.0,850.0
550,round-robin,78,-177614.0,1127.0
551,round-robin,78,-126973.0,999.0
552,round-robin,78,-201077.0,1241.0
553,round-robin,78,-147080.0,1002.0
554,round-robin,78,-237805.0,1219.0
555,random-no-action,7,-27888.0,152.0
556,random-no-action,7,-7990.0,111.0
557,random-no-action,7,-16819.0,288.0
558,random-no-action,7,-4453.0,107.0
559,random-no-action,7,-2164.0,326.0
560,random-no-action,27,-32379.0,1062.0
561,random-no-action,27,-30912.0,1399.0
562,random-no-action,27,-87754.0,690.0
563,random-no-action,27,-66593.0,796.0
564,random-no-action,27,-117600.0,797.0
565,random-no-action,44,-155908.0,889.0
566,random-no-action,44,-119294.0,1587.0
567,random-no-action,44,-64801.0,1879.0
568,random-no-action,44,-75568.0,892.0
569,random-no-action,44,-59897.0,1685.0
570,random-no-action,56,-145375.0,1161.0
571,random-no-action,56,-101374.0,853.0
572,random-no-action,56,-130804.0,1116.0
573,random-no-action,56,-91423.0,1090.0
574,random-no-action,56,-228507.0,1172.0
575,random-no-action,62,-110321.0,424.0
576,random-no-action,62,-65108.0,1726.0
577,random-no-action,62,-130629.0,522.0
578,random-no-action,62,-96940.0,961.0
579,random-no-action,62,-56765.0,2062.0
580,random-no-action,65,-135051.0,891.0
581,random-no-action,65,-84191.0,1305.0
582,random-no-action,65,-105803.0,799.0
583,random-no-action,65,-96432.0,746.0
584,random-no-action,65,-73216.0,784.0
585,random-no-action,78,-167642.0,1681.0
586,random-no-action,78,-197816.0,1309.0
587,random-no-action,78,-163359.0,1075.0
588,random-no-action,78,-185414.0,1299.0
589,random-no-action,78,-213797.0,2066.0
590,random,7,-28054.0,69.0
591,random,7,-4845.0,205.0
592,random,7,-6995.0,341.0
593,random,7,-10508.0,108.0
594,random,7,-5712.0,99.0
595,random,27,-34614.0,615.0
596,random,27,-101927.0,177.0
597,random,27,-33570.0,872.0
598,random,27,-56149.0,437.0
599,random,27,-66325.0,185.0
600,random,44,-159076.0,537.0
601,random,44,-142852.0,841.0
602,random,44,-151590.0,801.0
603,random,44,-141018.0,945.0
604,random,44,-87376.0,575.0
605,random,56,-152772.0,592.0
606,random,56,-138580.0,371.0
607,random,56,-92582.0,473.0
608,random,56,-94014.0,241.0
609,random,56,-80770.0,910.0
610,random,62,-113537.0,223.0
611,random,62,-147677.0,709.0
612,random,62,-123876.0,514.0
613,random,62,-129683.0,357.0
614,random,62,-162122.0,447.0
615,random,65,-141723.0,474.0
616,random,65,-63665.0,474.0
617,random,65,-121555.0,799.0
618,random,65,-169500.0,487.0
619,random,65,-109146.0,850.0
620,random,78,-177614.0,1127.0
621,random,78,-126973.0,999.0
622,random,78,-201077.0,1241.0
623,random,78,-147080.0,1002.0
624,random,78,-237805.0,1219.0
625,well-informed,7,-4804.0,98.0
626,well-informed,7,-22378.0,32.0
627,well-informed,7,-1021.0,40.0
628,well-informed,7,-12888.0,71.0
629,well-informed,7,-385.0,50.0
630,well-informed,27,-65513.0,388.0
631,well-informed,27,-95604.0,438.0
632,well-informed,27,-68931.0,332.0
633,well-informed,27,-55058.0,301.0
634,well-informed,27,-35646.0,258.0
635,well-informed,44,-99851.0,832.0
636,well-informed,44,-65237.0,993.0
637,well-informed,44,-126980.0,986.0
638,well-informed,44,-84029.0,708.0
639,well-informed,44,-120134.0,782.0
640,well-informed,56,-107154.0,449.0
641,well-informed,56,-124590.0,419.0
642,well-informed,56,-191826.0,392.0
643,well-informed,56,-173078.0,600.0
644,well-informed,56,-179381.0,418.0
645,well-informed,62,-121946.0,843.0
646,well-informed,62,-140193.0,303.0
647,well-informed,62,-105623.0,629.0
648,well-informed,62,-162652.0,627.0
649,well-informed,62,-125966.0,773.0
650,well-informed,65,-130718.0,548.0
651,well-informed,65,-63774.0,496.0
652,well-informed,65,-165840.0,338.0
653,well-informed,65,-130803.0,536.0
654,well-informed,65,-142800.0,531.0
655,well-informed,78,-196199.0,621.0
656,well-informed,78,-108347.0,1079.0
657,well-informed,78,-140372.0,741.0
658,well-informed,78,-113075.0,1381.0
659,well-informed,78,-128280.0,890.0
660,informed,7,-4804.0,98.0
661,informed,7,-22378.0,32.0
662,informed,7,-1021.0,40.0
663,informed,7,-12888.0,71.0
664,informed,7,-385.0,50.0
665,informed,27,-65513.0,388.0
666,informed,27,-95604.0,438.0
667,informed,27,-68931.0,332.0
668,informed,27,-55058.0,301.0
669,informed,27,-35646.0,258.0
670,informed,44,-99851.0,832.0
671,informed,44,-65237.0,993.0
672,informed,44,-126980.0,986.0
673,informed,44,-84029.0,708.0
674,informed,44,-120134.0,782.0
675,informed,56,-107154.0,449.0
676,informed,56,-124590.0,419.0
677,informed,56,-191826.0,392.0
678,informed,56,-173078.0,600.0
679,informed,56,-179381.0,418.0
680,informed,62,-121946.0,843.0
681,informed,62,-140193.0,303.0
682,informed,62,-105623.0,629.0
683,informed,62,-162652.0,627.0
684,informed,62,-125966.0,773.0
685,informed,65,-130718.0,548.0
686,informed,65,-63774.0,496.0
687,informed,65,-165840.0,338.0
688,informed,65,-130803.0,536.0
689,informed,65,-142800.0,531.0
690,informed,78,-196199.0,621.0
691,informed,78,-108347.0,1079.0
692,informed,78,-140372.0,741.0
693,informed,78,-113075.0,1381.0
694,informed,78,-128280.0,890.0
695,round-robin-no-action,7,-4618.0,191.0
696,round-robin-no-action,7,-12110.0,127.0
697,round-robin-no-action,7,-9178.0,91.0
698,round-robin-no-action,7,-872.0,545.0
699,round-robin-no-action,7,-1346.0,683.0
700,round-robin-no-action,27,-63853.0,720.0
701,round-robin-no-action,27,-125611.0,1058.0
702,round-robin-no-action,27,-83319.0,1312.0
703,round-robin-no-action,27,-69968.0,456.0
704,round-robin-no-action,27,-73868.0,804.0
705,round-robin-no-action,44,-94811.0,1392.0
706,round-robin-no-action,44,-113790.0,786.0
707,round-robin-no-action,44,-127807.0,1662.0
708,round-robin-no-action,44,-203172.0,1168.0
709,round-robin-no-action,44,-164579.0,1676.0
710,round-robin-no-action,56,-101811.0,860.0
711,round-robin-no-action,56,-98745.0,769.0
712,round-robin-no-action,56,-116087.0,719.0
713,round-robin-no-action,56,-87721.0,604.0
714,round-robin-no-action,56,-80785.0,1274.0
715,round-robin-no-action,62,-109130.0,1644.0
716,round-robin-no-action,62,-140997.0,730.0
717,round-robin-no-action,62,-108531.0,2437.0
718,round-robin-no-action,62,-100533.0,1304.0
719,round-robin-no-action,62,-169000.0,1351.0
720,round-robin-no-action,65,-123150.0,1021.0
721,round-robin-no-action,65,-96628.0,1426.0
722,round-robin-no-action,65,-155655.0,754.0
723,round-robin-no-action,65,-115538.0,1404.0
724,round-robin-no-action,65,-136953.0,735.0
725,round-robin-no-action,78,-191285.0,894.0
726,round-robin-no-action,78,-213221.0,2219.0
727,round-robin-no-action,78,-215501.0,1651.0
728,round-robin-no-action,78,-130859.0,1577.0
729,round-robin-no-action,78,-206675.0,1661.0
730,round-robin,7,-4804.0,98.0
731,round-robin,7,-22378.0,32.0
732,round-robin,7,-1021.0,40.0
733,round-robin,7,-12888.0,71.0
734,round-robin,7,-385.0,50.0
735,round-robin,27,-65513.0,388.0
736,round-robin,27,-95604.0,438.0
737,round-robin,27,-68931.0,332.0
738,round-robin,27,-55058.0,301.0
739,round-robin,27,-35646.0,258.0
740,round-robin,44,-99851.0,832.0
741,round-robin,44,-65237.0,993.0
742,round-robin,44,-126980.0,986.0
743,round-robin,44,-84029.0,708.0
744,round-robin,44,-120134.0,782.0
745,round-robin,56,-107154.0,449.0
746,round-robin,56,-124590.0,419.0
747,round-robin,56,-191826.0,392.0
748,round-robin,56,-173078.0,600.0
749,round-robin,56,-179381.0,418.0
750,round-robin,62,-121946.0,843.0
751,round-robin,62,-140193.0,303.0
752,round-robin,62,-105623.0,629.0
753,round-robin,62,-162652.0,627.0
754,round-robin,62,-125966.0,773.0
755,round-robin,65,-130718.0,548.0
756,round-robin,65,-63774.0,496.0
757,round-robin,65,-165840.0,338.0
758,round-robin,65,-130803.0,536.0
759,round-robin,65,-142800.0,531.0
760,round-robin,78,-196199.0,621.0
761,round-robin,78,-108347.0,1079.0
762,round-robin,78,-140372.0,741.0
763,round-robin,78,-113075.0,1381.0
764,round-robin,78,-128280.0,890.0
765,random-no-action,7,-4576.0,212.0
766,random-no-action,7,518.0,511.0
767,random-no-action,7,-8006.0,76.0
768,random-no-action,7,-35279.0,107.0
769,random-no-action,7,-31061.0,88.0
770,random-no-action,27,-63628.0,765.0
771,random-no-action,27,-63204.0,497.0
772,random-no-action,27,-62959.0,522.0
773,random-no-action,27,-71749.0,987.0
774,random-no-action,27,-66410.0,697.0
775,random-no-action,44,-94370.0,1441.0
776,random-no-action,44,-106877.0,1443.0
777,random-no-action,44,-79952.0,1380.0
778,random-no-action,44,-85250.0,1142.0
779,random-no-action,44,-163780.0,1577.0
780,random-no-action,56,-101122.0,913.0
781,random-no-action,56,-153682.0,836.0
782,random-no-action,56,-130975.0,710.0
783,random-no-action,56,-75833.0,1058.0
784,random-no-action,56,-118691.0,1365.0
785,random-no-action,62,-107386.0,1753.0
786,random-no-action,62,-98695.0,816.0
787,random-no-action,62,-87444.0,1843.0
788,random-no-action,62,-133621.0,782.0
789,random-no-action,62,-63530.0,1236.0
790,random-no-action,65,-121918.0,1098.0
791,random-no-action,65,-97467.0,952.0
792,random-no-action,65,-123770.0,1165.0
793,random-no-action,65,-174440.0,1163.0
794,random-no-action,65,-139236.0,1704.0
795,random-no-action,78,-190547.0,935.0
796,random-no-action,78,-214521.0,755.0
797,random-no-action,78,-156014.0,728.0
798,random-no-action,78,-198624.0,1880.0
799,random-no-action,78,-107765.0,1082.0
800,random,7,-4804.0,98.0
801,random,7,-22378.0,32.0
802,random,7,-1021.0,40.0
803,random,7,-12888.0,71.0
804,random,7,-385.0,50.0
805,random,27,-65513.0,388.0
806,random,27,-95604.0,438.0
807,random,27,-68931.0,332.0
808,random,27,-55058.0,301.0
809,random,27,-35646.0,258.0
810,random,44,-99851.0,832.0
811,random,44,-65237.0,993.0
812,random,44,-126980.0,986.0
813,random,44,-84029.0,708.0
814,random,44,-120134.0,782.0
815,random,56,-107154.0,449.0
816,random,56,-124590.0,419.0
817,random,56,-191826.0,392.0
818,random,56,-173078.0,600.0
819,random,56,-179381.0,418.0
820,random,62,-121946.0,843.0
821,random,62,-140193.0,303.0
822,random,62,-105623.0,629.0
823,random,62,-162652.0,627.0
824,random,62,-125966.0,773.0
825,random,65,-130718.0,548.0
826,random,65,-63774.0,496.0
827,random,65,-165840.0,338.0
828,random,65,-130803.0,536.0
829,random,65,-142800.0,531.0
830,random,78,-196199.0,621.0
831,random,78,-108347.0,1079.0
832,random,78,-140372.0,741.0
833,random,78,-113075.0,1381.0
834,random,78,-128280.0,890.0
835,well-informed,7,-19542.0,100.0
836,well-informed,7,-169.0,114.0
837,well-informed,7,-13204.0,37.0
838,well-informed,7,-2359.0,81.0
839,well-informed,7,-10684.0,18.0
840,well-informed,27,-74096.0,455.0
841,well-informed,27,-60142.0,320.0
842,well-informed,27,-73611.0,300.0
843,well-informed,27,-98288.0,482.0
844,well-informed,27,-22751.0,633.0
845,well-informed,44,-109406.0,1035.0
846,well-informed,44,-155836.0,1109.0
847,well-informed,44,-40899.0,536.0
848,well-informed,44,-111757.0,588.0
849,well-informed,44,-97092.0,477.0
850,well-informed,56,-142353.0,485.0
851,well-informed,56,-98913.0,657.0
852,well-informed,56,-101502.0,708.0
853,well-informed,56,-96274.0,717.0
854,well-informed,56,-88507.0,370.0
855,well-informed,62,-136475.0,520.0
856,well-informed,62,-113728.0,706.0
857,well-informed,62,-152907.0,672.0
858,well-informed,62,-96286.0,626.0
859,well-informed,62,-136539.0,314.0
860,well-informed,65,-152066.0,630.0
861,well-informed,65,-90629.0,680.0
862,well-informed,65,-107204.0,597.0
863,well-informed,65,-172272.0,935.0
864,well-informed,65,-98047.0,778.0
865,well-informed,78,-159445.0,994.0
866,well-informed,78,-182593.0,1208.0
867,well-informed,78,-207220.0,783.0
868,well-informed,78,-166109.0,1022.0
869,well-informed,78,-146465.0,1678.0
870,informed,7,-19542.0,100.0
871,informed,7,-169.0,114.0
872,informed,7,-13204.0,37.0
873,informed,7,-2359.0,81.0
874,informed,7,-10684.0,18.0
875,informed,27,-74096.0,455.0
876,informed,27,-60142.0,320.0
877,informed,27,-73611.0,300.0
878,informed,27,-98288.0,482.0
879,informed,27,-22751.0,633.0
880,informed,44,-109406.0,1035.0
881,informed,44,-155836.0,1109.0
882,informed,44,-40899.0,536.0
883,informed,44,-111757.0,588.0
884,informed,44,-97092.0,477.0
885,informed,56,-142353.0,485.0
886,informed,56,-98913.0,657.0
887,informed,56,-101502.0,708.0
888,informed,56,-96274.0,717.0
889,informed,56,-88507.0,370.0
890,informed,62,-136475.0,520.0
891,informed,62,-113728.0,706.0
892,informed,62,-152907.0,672.0
893,informed,62,-96286.0,626.0
894,informed,62,-136539.0,314.0
895,informed,65,-152066.0,630.0
896,informed,65,-90629.0,680.0
897,informed,65,-107204.0,597.0
898,informed,65,-172272.0,935.0
899,informed,65,-98047.0,778.0
900,informed,78,-159445.0,994.0
901,informed,78,-182593.0,1208.0
902,informed,78,-207220.0,783.0
903,informed,78,-166109.0,1022.0
904,informed,78,-146465.0,1678.0
905,round-robin-no-action,7,-19352.0,195.0
906,round-robin-no-action,7,-3961.0,295.0
907,round-robin-no-action,7,-1325.0,399.0
908,round-robin-no-action,7,-3276.0,115.0
909,round-robin-no-action,7,-9000.0,391.0
910,round-robin-no-action,27,-72346.0,805.0
911,round-robin-no-action,27,-31473.0,411.0
912,round-robin-no-action,27,-27001.0,1062.0
913,round-robin-no-action,27,-62885.0,961.0
914,round-robin-no-action,27,-56479.0,675.0
915,round-robin-no-action,44,-103862.0,1651.0
916,round-robin-no-action,44,-105739.0,1020.0
917,round-robin-no-action,44,-63228.0,958.0
918,round-robin-no-action,44,-124029.0,1082.0
919,round-robin-no-action,44,-83019.0,1383.0
920,round-robin-no-action,56,-136542.0,932.0
921,round-robin-no-action,56,-62849.0,2353.0
922,round-robin-no-action,56,-165474.0,1106.0
923,round-robin-no-action,56,-182861.0,484.0
924,round-robin-no-action,56,-111547.0,1124.0
925,round-robin-no-action,62,-129051.0,984.0
926,round-robin-no-action,62,-132482.0,1076.0
927,round-robin-no-action,62,-126892.0,997.0
928,round-robin-no-action,62,-113899.0,887.0
929,round-robin-no-action,62,-195538.0,793.0
930,round-robin-no-action,65,-143202.0,1184.0
931,round-robin-no-action,65,-194194.0,1153.0
932,round-robin-no-action,65,-214101.0,1045.0
933,round-robin-no-action,65,-134275.0,963.0
934,round-robin-no-action,65,-144524.0,1668.0
935,round-robin-no-action,78,-150031.0,1517.0
936,round-robin-no-action,78,-129273.0,1047.0
937,round-robin-no-action,78,-158981.0,1473.0
938,round-robin-no-action,78,-107508.0,1093.0
939,round-robin-no-action,78,-175533.0,1400.0
940,round-robin,7,-19542.0,100.0
941,round-robin,7,-169.0,114.0
942,round-robin,7,-13204.0,37.0
943,round-robin,7,-2359.0,81.0
944,round-robin,7,-10684.0,18.0
945,round-robin,27,-74096.0,455.0
946,round-robin,27,-60142.0,320.0
947,round-robin,27,-73611.0,300.0
948,round-robin,27,-98288.0,482.0
949,round-robin,27,-22751.0,633.0
950,round-robin,44,-109406.0,1035.0
951,round-robin,44,-155836.0,1109.0
952,round-robin,44,-40899.0,536.0
953,round-robin,44,-111757.0,588.0
954,round-robin,44,-97092.0,477.0
955,round-robin,56,-142353.0,485.0
956,round-robin,56,-98913.0,657.0
957,round-robin,56,-101502.0,708.0
958,round-robin,56,-96274.0,717.0
959,round-robin,56,-88507.0,370.0
960,round-robin,62,-136475.0,520.0
961,round-robin,62,-113728.0,706.0
962,round-robin,62,-152907.0,672.0
963,round-robin,62,-96286.0,626.0
964,round-robin,62,-136539.0,314.0
965,round-robin,65,-152066.0,630.0
966,round-robin,65,-90629.0,680.0
967,round-robin,65,-107204.0,597.0
968,round-robin,65,-172272.0,935.0
969,round-robin,65,-98047.0,778.0
970,round-robin,78,-159445.0,994.0
971,round-robin,78,-182593.0,1208.0
972,round-robin,78,-207220.0,783.0
973,round-robin,78,-166109.0,1022.0
974,round-robin,78,-146465.0,1678.0
975,random-no-action,7,-19356.0,193.0
976,random-no-action,7,-1362.0,377.0
977,random-no-action,7,-24854.0,91.0
978,random-no-action,7,-629.0,427.0
979,random-no-action,7,-5233.0,219.0
980,random-no-action,27,-72491.0,776.0
981,random-no-action,27,-70164.0,1571.0
982,random-no-action,27,-24450.0,431.0
983,random-no-action,27,-57374.0,1096.0
984,random-no-action,27,-116063.0,973.0
985,random-no-action,44,-103529.0,1688.0
986,random-no-action,44,-133957.0,1398.0
987,random-no-action,44,-127136.0,1286.0
988,random-no-action,44,-68305.0,1455.0
989,random-no-action,44,-97952.0,705.0
990,random-no-action,56,-136841.0,909.0
991,random-no-action,56,-107937.0,646.0
992,random-no-action,56,-69345.0,977.0
993,random-no-action,56,-84544.0,845.0
994,random-no-action,56,-92913.0,1016.0
995,random-no-action,62,-129467.0,958.0
996,random-no-action,62,-97303.0,937.0
997,random-no-action,62,-147731.0,589.0
998,random-no-action,62,-108628.0,1293.0
999,random-no-action,62,-116177.0,1241.0
1000,random-no-action,65,-143138.0,1188.0
1001,random-no-action,65,-90800.0,1384.0
1002,random-no-action,65,-89263.0,1317.0
1003,random-no-action,65,-176882.0,884.0
1004,random-no-action,65,-121474.0,1302.0
1005,random-no-action,78,-149131.0,1567.0
1006,random-no-action,78,-139488.0,1129.0
1007,random-no-action,78,-154624.0,1898.0
1008,random-no-action,78,-99764.0,1201.0
1009,random-no-action,78,-115236.0,1616.0
1010,random,7,-19542.0,100.0
1011,random,7,-169.0,114.0
1012,random,7,-13204.0,37.0
1013,random,7,-2359.0,81.0
1014,random,7,-10684.0,18.0
1015,random,27,-74096.0,455.0
1016,random,27,-60142.0,320.0
1017,random,27,-73611.0,300.0
1018,random,27,-98288.0,482.0
1019,random,27,-22751.0,633.0
1020,random,44,-109406.0,1035.0
1021,random,44,-155836.0,1109.0
1022,random,44,-40899.0,536.0
1023,random,44,-111757.0,588.0
1024,random,44,-97092.0,477.0
1025,random,56,-142353.0,485.0
1026,random,56,-98913.0,657.0
1027,random,56,-101502.0,708.0
1028,random,56,-96274.0,717.0
1029,random,56,-88507.0,370.0
1030,random,62,-136475.0,520.0
1031,random,62,-113728.0,706.0
1032,random,62,-152907.0,672.0
1033,random,62,-96286.0,626.0
1034,random,62,-136539.0,314.0
1035,random,65,-152066.0,630.0
1036,random,65,-90629.0,680.0
1037,random,65,-107204.0,597.0
1038,random,65,-172272.0,935.0
1039,random,65,-98047.0,778.0
1040,random,78,-159445.0,994.0
1041,random,78,-182593.0,1208.0
1042,random,78,-207220.0,783.0
1043,random,78,-166109.0,1022.0
1044,random,78,-146465.0,1678.0
1045,well-informed,7,-1566.0,40.0
1046,well-informed,7,-2643.0,59.0
1047,well-informed,7,-12511.0,151.0
1048,well-informed,7,-37286.0,16.0
1049,well-informed,7,-7121.0,21.0
1050,well-informed,27,-59859.0,356.0
1051,well-informed,27,-37613.0,361.0
1052,well-informed,27,-81115.0,995.0
1053,well-informed,27,-80749.0,850.0
1054,well-informed,27,-40148.0,1083.0
1055,well-informed,44,-76096.0,1236.0
1056,well-informed,44,-130639.0,403.0
1057,well-informed,44,-95340.0,582.0
1058,well-informed,44,-145778.0,681.0
1059,well-informed,44,-100143.0,700.0
1060,well-informed,56,-124872.0,392.0
1061,well-informed,56,-123544.0,527.0
1062,well-informed,56,-166634.0,580.0
1063,well-informed,56,-108216.0,670.0
1064,well-informed,56,-181220.0,766.0
1065,well-informed,62,-98213.0,419.0
1066,well-informed,62,-128393.0,598.0
1067,well-informed,62,-94028.0,834.0
1068,well-informed,62,-128732.0,490.0
1069,well-informed,62,-106756.0,666.0
1070,well-informed,65,-182064.0,362.0
1071,well-informed,65,-154509.0,650.0
1072,well-informed,65,-153022.0,459.0
1073,well-informed,65,-130637.0,690.0
1074,well-informed,65,-120184.0,707.0
1075,well-informed,78,-144328.0,791.0
1076,well-informed,78,-156880.0,919.0
1077,well-informed,78,-202421.0,844.0
1078,well-informed,78,-191974.0,901.0
1079,well-informed,78,-193926.0,1079.0
1080,informed,7,-1566.0,40.0
1081,informed,7,-2643.0,59.0
1082,informed,7,-12511.0,151.0
1083,informed,7,-37286.0,16.0
1084,informed,7,-7121.0,21.0
1085,informed,27,-59859.0,356.0
1086,informed,27,-37613.0,361.0
1087,informed,27,-81115.0,995.0
1088,informed,27,-80749.0,850.0
1089,informed,27,-40148.0,1083.0
1090,informed,44,-76096.0,1236.0
1091,informed,44,-130639.0,403.0
1092,informed,44,-95340.0,582.0
1093,informed,44,-145778.0,681.0
1094,informed,44,-100143.0,700.0
1095,informed,56,-124872.0,392.0
1096,informed,56,-123544.0,527.0
1097,informed,56,-166634.0,580.0
1098,informed,56,-108216.0,670.0
1099,informed,56,-181220.0,766.0
1100,informed,62,-98213.0,419.0
1101,informed,62,-128393.0,598.0
1102,informed,62,-94028.0,834.0
1103,informed,62,-128732.0,490.0
1104,informed,62,-106756.0,666.0
1105,informed,65,-182064.0,362.0
1106,informed,65,-154509.0,650.0
1107,informed,65,-153022.0,459.0
1108,informed,65,-130637.0,690.0
1109,informed,65,-120184.0,707.0
1110,informed,78,-144328.0,791.0
1111,informed,78,-156880.0,919.0
1112,informed,78,-202421.0,844.0
1113,informed,78,-191974.0,901.0
1114,informed,78,-193926.0,1079.0
1115,round-robin-no-action,7,-1496.0,75.0
1116,round-robin-no-action,7,-20559.0,335.0
1117,round-robin-no-action,7,-6629.0,181.0
1118,round-robin-no-action,7,-6995.0,283.0
1119,round-robin-no-action,7,-1935.0,37.0
1120,round-robin-no-action,27,-58804.0,567.0
1121,round-robin-no-action,27,-19464.0,820.0
1122,round-robin-no-action,27,-34374.0,901.0
1123,round-robin-no-action,27,-64775.0,597.0
1124,round-robin-no-action,27,-42614.0,908.0
1125,round-robin-no-action,44,-70633.0,1843.0
1126,round-robin-no-action,44,-115136.0,1134.0
1127,round-robin-no-action,44,-131137.0,1724.0
1128,round-robin-no-action,44,-110008.0,1202.0
1129,round-robin-no-action,44,-76308.0,1120.0
1130,round-robin-no-action,56,-120413.0,735.0
1131,round-robin-no-action,56,-59526.0,1104.0
1132,round-robin-no-action,56,-121586.0,1016.0
1133,round-robin-no-action,56,-122849.0,865.0
1134,round-robin-no-action,56,-146668.0,1250.0
1135,round-robin-no-action,62,-92197.0,795.0
1136,round-robin-no-action,62,-78824.0,1782.0
1137,round-robin-no-action,62,-149415.0,1490.0
1138,round-robin-no-action,62,-95950.0,1180.0
1139,round-robin-no-action,62,-81222.0,977.0
1140,round-robin-no-action,65,-177584.0,642.0
1141,round-robin-no-action,65,-91713.0,1330.0
1142,round-robin-no-action,65,-86095.0,1142.0
1143,round-robin-no-action,65,-52483.0,1479.0
1144,round-robin-no-action,65,-67724.0,727.0
1145,round-robin-no-action,78,-137686.0,1160.0
1146,round-robin-no-action,78,-135926.0,1590.0
1147,round-robin-no-action,78,-204522.0,1142.0
1148,round-robin-no-action,78,-213854.0,1569.0
1149,round-robin-no-action,78,-160470.0,795.0
1150,round-robin,7,-1566.0,40.0
1151,round-robin,7,-2643.0,59.0
1152,round-robin,7,-12511.0,151.0
1153,round-robin,7,-37286.0,16.0
1154,round-robin,7,-7121.0,21.0
1155,round-robin,27,-59859.0,356.0
1156,round-robin,27,-37613.0,361.0
1157,round-robin,27,-81115.0,995.0
1158,round-robin,27,-80749.0,850.0
1159,round-robin,27,-40148.0,1083.0
1160,round-robin,44,-76096.0,1236.0
1161,round-robin,44,-130639.0,403.0
1162,round-robin,44,-95340.0,582.0
1163,round-robin,44,-145778.0,681.0
1164,round-robin,44,-100143.0,700.0
1165,round-robin,56,-124872.0,392.0
1166,round-robin,56,-123544.0,527.0
1167,round-robin,56,-166634.0,580.0
1168,round-robin,56,-108216.0,670.0
1169,round-robin,56,-181220.0,766.0
1170,round-robin,62,-98213.0,419.0
1171,round-robin,62,-128393.0,598.0
1172,round-robin,62,-94028.0,834.0
1173,round-robin,62,-128732.0,490.0
1174,round-robin,62,-106756.0,666.0
1175,round-robin,65,-182064.0,362.0
1176,round-robin,65,-154509.0,650.0
1177,round-robin,65,-153022.0,459.0
1178,round-robin,65,-130637.0,690.0
1179,round-robin,65,-120184.0,707.0
1180,round-robin,78,-144328.0,791.0
1181,round-robin,78,-156880.0,919.0
1182,round-robin,78,-202421.0,844.0
1183,round-robin,78,-191974.0,901.0
1184,round-robin,78,-193926.0,1079.0
1185,random-no-action,7,-1490.0,78.0
1186,random-no-action,7,-143.0,108.0
1187,random-no-action,7,-25716.0,87.0
1188,random-no-action,7,-60485.0,264.0
1189,random-no-action,7,-1686.0,79.0
1190,random-no-action,27,-58664.0,595.0
1191,random-no-action,27,-59650.0,475.0
1192,random-no-action,27,-44125.0,263.0
1193,random-no-action,27,-68442.0,1241.0
1194,random-no-action,27,-77613.0,522.0
1195,random-no-action,44,-69958.0,1918.0
1196,random-no-action,44,-88619.0,1621.0
1197,random-no-action,44,-90512.0,985.0
1198,random-no-action,44,-77346.0,797.0
1199,random-no-action,44,-106135.0,931.0
1200,random-no-action,56,-120335.0,741.0
1201,random-no-action,56,-123784.0,439.0
1202,random-no-action,56,-97989.0,720.0
1203,random-no-action,56,-121609.0,1223.0
1204,random-no-action,56,-104750.0,1385.0
1205,random-no-action,62,-91877.0,815.0
1206,random-no-action,62,-140437.0,860.0
1207,random-no-action,62,-85679.0,779.0
1208,random-no-action,62,-126366.0,1408.0
1209,random-no-action,62,-63513.0,950.0
1210,random-no-action,65,-177344.0,657.0
1211,random-no-action,65,-161302.0,1063.0
1212,random-no-action,65,-147191.0,975.0
1213,random-no-action,65,-149088.0,1048.0
1214,random-no-action,65,-120836.0,1272.0
1215,random-no-action,78,-137092.0,1193.0
1216,random-no-action,78,-120648.0,1411.0
1217,random-no-action,78,-163748.0,2099.0
1218,random-no-action,78,-131275.0,2593.0
1219,random-no-action,78,-114971.0,2189.0
1220,random,7,-1566.0,40.0
1221,random,7,-2643.0,59.0
1222,random,7,-12511.0,151.0
1223,random,7,-37286.0,16.0
1224,random,7,-7121.0,21.0
1225,random,27,-59859.0,356.0
1226,random,27,-37613.0,361.0
1227,random,27,-81115.0,995.0
1228,random,27,-80749.0,850.0
1229,random,27,-40148.0,1083.0
1230,random,44,-76096.0,1236.0
1231,random,44,-130639.0,403.0
1232,random,44,-95340.0,582.0
1233,random,44,-145778.0,681.0
1234,random,44,-100143.0,700.0
1235,random,56,-124872.0,392.0
1236,random,56,-123544.0,527.0
1237,random,56,-166634.0,580.0
1238,random,56,-108216.0,670.0
1239,random,56,-181220.0,766.0
1240,random,62,-98213.0,419.0
1241,random,62,-128393.0,598.0
1242,random,62,-94028.0,834.0
1243,random,62,-128732.0,490.0
1244,random,62,-106756.0,666.0
1245,random,65,-182064.0,362.0
1246,random,65,-154509.0,650.0
1247,random,65,-153022.0,459.0
1248,random,65,-130637.0,690.0
1249,random,65,-120184.0,707.0
1250,random,78,-144328.0,791.0
1251,random,78,-156880.0,919.0
1252,random,78,-202421.0,844.0
1253,random,78,-191974.0,901.0
1254,random,78,-193926.0,1079.0
1255,well-informed,7,-1168.0,54.0
1256,well-informed,7,-18896.0,88.0
1257,well-informed,7,-32687.0,210.0
1258,well-informed,7,-4979.0,87.0
1259,well-informed,7,-4282.0,70.0
1260,well-informed,27,-40655.0,495.0
1261,well-informed,27,-45462.0,598.0
1262,well-informed,27,-29632.0,836.0
1263,well-informed,27,-55917.0,329.0
1264,well-informed,27,-44618.0,596.0
1265,well-informed,44,-111761.0,932.0
1266,well-informed,44,-89886.0,1187.0
1267,well-informed,44,-66469.0,1539.0
1268,well-informed,44,-120861.0,635.0
1269,well-informed,44,-114286.0,529.0
1270,well-informed,56,-91842.0,706.0
1271,well-informed,56,-132231.0,369.0
1272,well-informed,56,-162259.0,527.0
1273,well-informed,56,-109363.0,377.0
1274,well-informed,56,-93680.0,801.0
1275,well-informed,62,-162130.0,785.0
1276,well-informed,62,-134890.0,394.0
1277,well-informed,62,-78433.0,832.0
1278,well-informed,62,-82308.0,305.0
1279,well-informed,62,-116062.0,292.0
1280,well-informed,65,-128466.0,563.0
1281,well-informed,65,-132763.0,678.0
1282,well-informed,65,-226106.0,482.0
1283,well-informed,65,-131844.0,619.0
1284,well-informed,65,-124429.0,602.0
1285,well-informed,78,-113202.0,1831.0
1286,well-informed,78,-116538.0,520.0
1287,well-informed,78,-143926.0,1008.0
1288,well-informed,78,-181667.0,1017.0
1289,well-informed,78,-218445.0,1059.0
1290,informed,7,-1168.0,54.0
1291,informed,7,-18896.0,88.0
1292,informed,7,-32687.0,210.0
1293,informed,7,-4979.0,87.0
1294,informed,7,-4282.0,70.0
1295,informed,27,-40655.0,495.0
1296,informed,27,-45462.0,598.0
1297,informed,27,-29632.0,836.0
1298,informed,27,-55917.0,329.0
1299,informed,27,-44618.0,596.0
1300,informed,44,-111761.0,932.0
1301,informed,44,-89886.0,1187.0
1302,informed,44,-66469.0,1539.0
1303,informed,44,-120861.0,635.0
1304,informed,44,-114286.0,529.0
1305,informed,56,-91842.0,706.0
1306,informed,56,-132231.0,369.0
1307,informed,56,-162259.0,527.0
1308,informed,56,-109363.0,377.0
1309,informed,56,-93680.0,801.0
1310,informed,62,-162130.0,785.0
1311,informed,62,-134890.0,394.0
1312,informed,62,-78433.0,832.0
1313,informed,62,-82308.0,305.0
1314,informed,62,-116062.0,292.0
1315,informed,65,-128466.0,563.0
1316,informed,65,-132763.0,678.0
1317,informed,65,-226106.0,482.0
1318,informed,65,-131844.0,619.0
1319,informed,65,-124429.0,602.0
1320,informed,78,-113202.0,1831.0
1321,informed,78,-116538.0,520.0
1322,informed,78,-143926.0,1008.0
1323,informed,78,-181667.0,1017.0
1324,informed,78,-218445.0,1059.0
1325,round-robin-no-action,7,-1070.0,103.0
1326,round-robin-no-action,7,-540.0,65.0
1327,round-robin-no-action,7,-9160.0,385.0
1328,round-robin-no-action,7,-8541.0,151.0
1329,round-robin-no-action,7,-236.0,345.0
1330,round-robin-no-action,27,-38665.0,893.0
1331,round-robin-no-action,27,-82283.0,714.0
1332,round-robin-no-action,27,-66520.0,615.0
1333,round-robin-no-action,27,-69985.0,698.0
1334,round-robin-no-action,27,-55748.0,546.0
1335,round-robin-no-action,44,-108242.0,1323.0
1336,round-robin-no-action,44,-158402.0,2264.0
1337,round-robin-no-action,44,-145425.0,1446.0
1338,round-robin-no-action,44,-188990.0,956.0
1339,round-robin-no-action,44,-89743.0,871.0
1340,round-robin-no-action,56,-83301.0,1363.0
1341,round-robin-no-action,56,-111662.0,957.0
1342,round-robin-no-action,56,-128928.0,832.0
1343,round-robin-no-action,56,-124446.0,630.0
1344,round-robin-no-action,56,-140938.0,736.0
1345,round-robin-no-action,62,-150226.0,1529.0
1346,round-robin-no-action,62,-126690.0,1206.0
1347,round-robin-no-action,62,-123304.0,1497.0
1348,round-robin-no-action,62,-99957.0,1603.0
1349,round-robin-no-action,62,-154178.0,1500.0
1350,round-robin-no-action,65,-120834.0,1040.0
1351,round-robin-no-action,65,-61366.0,1124.0
1352,round-robin-no-action,65,-71916.0,1110.0
1353,round-robin-no-action,65,-108053.0,953.0
1354,round-robin-no-action,65,-85607.0,670.0
1355,round-robin-no-action,78,-98352.0,2656.0
1356,round-robin-no-action,78,-117612.0,1337.0
1357,round-robin-no-action,78,-137005.0,2503.0
1358,round-robin-no-action,78,-111702.0,1779.0
1359,round-robin-no-action,78,-165201.0,1190.0
1360,round-robin,7,-1168.0,54.0
1361,round-robin,7,-18896.0,88.0
1362,round-robin,7,-32687.0,210.0
1363,round-robin,7,-4979.0,87.0
1364,round-robin,7,-4282.0,70.0
1365,round-robin,27,-40655.0,495.0
1366,round-robin,27,-45462.0,598.0
1367,round-robin,27,-29632.0,836.0
1368,round-robin,27,-55917.0,329.0
1369,round-robin,27,-44618.0,596.0
1370,round-robin,44,-111761.0,932.0
1371,round-robin,44,-89886.0,1187.0
1372,round-robin,44,-66469.0,1539.0
1373,round-robin,44,-120861.0,635.0
1374,round-robin,44,-114286.0,529.0
1375,round-robin,56,-91842.0,706.0
1376,round-robin,56,-132231.0,369.0
1377,round-robin,56,-162259.0,527.0
1378,round-robin,56,-109363.0,377.0
1379,round-robin,56,-93680.0,801.0
1380,round-robin,62,-162130.0,785.0
1381,round-robin,62,-134890.0,394.0
1382,round-robin,62,-78433.0,832.0
1383,round-robin,62,-82308.0,305.0
1384,round-robin,62,-116062.0,292.0
1385,round-robin,65,-128466.0,563.0
1386,round-robin,65,-132763.0,678.0
1387,round-robin,65,-226106.0,482.0
1388,round-robin,65,-131844.0,619.0
1389,round-robin,65,-124429.0,602.0
1390,round-robin,78,-113202.0,1831.0
1391,round-robin,78,-116538.0,520.0
1392,round-robin,78,-143926.0,1008.0
1393,round-robin,78,-181667.0,1017.0
1394,round-robin,78,-218445.0,1059.0
1395,random-no-action,7,-1064.0,106.0
1396,random-no-action,7,-3695.0,71.0
1397,random-no-action,7,-11229.0,120.0
1398,random-no-action,7,-22496.0,277.0
1399,random-no-action,7,-13294.0,124.0
1400,random-no-action,27,-38455.0,935.0
1401,random-no-action,27,-51158.0,1307.0
1402,random-no-action,27,-54087.0,382.0
1403,random-no-action,27,-70836.0,915.0
1404,random-no-action,27,-105809.0,736.0
1405,random-no-action,44,-108305.0,1316.0
1406,random-no-action,44,-112449.0,865.0
1407,random-no-action,44,-97415.0,1269.0
1408,random-no-action,44,-80894.0,1619.0
1409,random-no-action,44,-67624.0,1295.0
1410,random-no-action,56,-82794.0,1402.0
1411,random-no-action,56,-155965.0,842.0
1412,random-no-action,56,-233539.0,714.0
1413,random-no-action,56,-123761.0,990.0
1414,random-no-action,56,-63589.0,555.0
1415,random-no-action,62,-149298.0,1587.0
1416,random-no-action,62,-90512.0,672.0
1417,random-no-action,62,-160280.0,1695.0
1418,random-no-action,62,-136835.0,1102.0
1419,random-no-action,62,-83020.0,1660.0
1420,random-no-action,65,-120194.0,1080.0
1421,random-no-action,65,-62010.0,922.0
1422,random-no-action,65,-91788.0,1370.0
1423,random-no-action,65,-161483.0,783.0
1424,random-no-action,65,-164194.0,1642.0
1425,random-no-action,78,-97758.0,2689.0
1426,random-no-action,78,-162590.0,2258.0
1427,random-no-action,78,-71059.0,1310.0
1428,random-no-action,78,-176684.0,1349.0
1429,random-no-action,78,-113049.0,2015.0
1430,random,7,-1168.0,54.0
1431,random,7,-18896.0,88.0
1432,random,7,-32687.0,210.0
1433,random,7,-4979.0,87.0
1434,random,7,-4282.0,70.0
1435,random,27,-40655.0,495.0
1436,random,27,-45462.0,598.0
1437,random,27,-29632.0,836.0
1438,random,27,-55917.0,329.0
1439,random,27,-44618.0,596.0
1440,random,44,-111761.0,932.0
1441,random,44,-89886.0,1187.0
1442,random,44,-66469.0,1539.0
1443,random,44,-120861.0,635.0
1444,random,44,-114286.0,529.0
1445,random,56,-91842.0,706.0
1446,random,56,-132231.0,369.0
1447,random,56,-162259.0,527.0
1448,random,56,-109363.0,377.0
1449,random,56,-93680.0,801.0
1450,random,62,-162130.0,785.0
1451,random,62,-134890.0,394.0
1452,random,62,-78433.0,832.0
1453,random,62,-82308.0,305.0
1454,random,62,-116062.0,292.0
1455,random,65,-128466.0,563.0
1456,random,65,-132763.0,678.0
1457,random,65,-226106.0,482.0
1458,random,65,-131844.0,619.0
1459,random,65,-124429.0,602.0
1460,random,78,-113202.0,1831.0
1461,random,78,-116538.0,520.0
1462,random,78,-143926.0,1008.0
1463,random,78,-181667.0,1017.0
1464,random,78,-218445.0,1059.0
1465,well-informed,7,-520.0,177.0
1466,well-informed,7,-2872.0,72.0
1467,well-informed,7,-16153.0,40.0
1468,well-informed,7,-4402.0,106.0
1469,well-informed,7,-15018.0,202.0
1470,well-informed,27,-44079.0,477.0
1471,well-informed,27,-50714.0,499.0
1472,well-informed,27,-66870.0,901.0
1473,well-informed,27,-53451.0,347.0
1474,well-informed,27,-97522.0,603.0
1475,well-informed,44,-95665.0,502.0
1476,well-informed,44,-100512.0,861.0
1477,well-informed,44,-65139.0,655.0
1478,well-informed,44,-76203.0,1143.0
1479,well-informed,44,-129397.0,955.0
1480,well-informed,56,-129869.0,644.0
1481,well-informed,56,-95102.0,291.0
1482,well-informed,56,-109921.0,394.0
1483,well-informed,56,-90949.0,413.0
1484,well-informed,56,-99518.0,719.0
1485,well-informed,62,-73324.0,814.0
1486,well-informed,62,-154078.0,532.0
1487,well-informed,62,-106207.0,665.0
1488,well-informed,62,-157480.0,613.0
1489,well-informed,62,-141238.0,480.0
1490,well-informed,65,-97078.0,700.0
1491,well-informed,65,-136989.0,461.0
1492,well-informed,65,-100178.0,463.0
1493,well-informed,65,-100970.0,493.0
1494,well-informed,65,-108939.0,441.0
1495,well-informed,78,-173609.0,977.0
1496,well-informed,78,-233450.0,906.0
1497,well-informed,78,-181979.0,890.0
1498,well-informed,78,-101765.0,863.0
1499,well-informed,78,-203801.0,1422.0
1500,informed,7,-520.0,177.0
1501,informed,7,-2872.0,72.0
1502,informed,7,-16153.0,40.0
1503,informed,7,-4402.0,106.0
1504,informed,7,-15018.0,202.0
1505,informed,27,-44079.0,477.0
1506,informed,27,-50714.0,499.0
1507,informed,27,-66870.0,901.0
1508,informed,27,-53451.0,347.0
1509,informed,27,-97522.0,603.0
1510,informed,44,-95665.0,502.0
1511,informed,44,-100512.0,861.0
1512,informed,44,-65139.0,655.0
1513,informed,44,-76203.0,1143.0
1514,informed,44,-129397.0,955.0
1515,informed,56,-129869.0,644.0
1516,informed,56,-95102.0,291.0
1517,informed,56,-109921.0,394.0
1518,informed,56,-90949.0,413.0
1519,informed,56,-99518.0,719.0
1520,informed,62,-73324.0,814.0
1521,informed,62,-154078.0,532.0
1522,informed,62,-106207.0,665.0
1523,informed,62,-157480.0,613.0
1524,informed,62,-141238.0,480.0
1525,informed,65,-97078.0,700.0
1526,informed,65,-136989.0,461.0
1527,informed,65,-100178.0,463.0
1528,informed,65,-100970.0,493.0
1529,informed,65,-108939.0,441.0
1530,informed,78,-173609.0,977.0
1531,informed,78,-233450.0,906.0
1532,informed,78,-181979.0,890.0
1533,informed,78,-101765.0,863.0
1534,informed,78,-203801.0,1422.0
1535,round-robin-no-action,7,-176.0,349.0
1536,round-robin-no-action,7,-3428.0,275.0
1537,round-robin-no-action,7,-7575.0,83.0
1538,round-robin-no-action,7,-17984.0,87.0
1539,round-robin-no-action,7,-3812.0,203.0
1540,round-robin-no-action,27,-42874.0,718.0
1541,round-robin-no-action,27,-33156.0,445.0
1542,round-robin-no-action,27,-74131.0,576.0
1543,round-robin-no-action,27,-59356.0,774.0
1544,round-robin-no-action,27,-94167.0,536.0
1545,round-robin-no-action,44,-92650.0,837.0
1546,round-robin-no-action,44,-67013.0,1013.0
1547,round-robin-no-action,44,-120510.0,2050.0
1548,round-robin-no-action,44,-122989.0,1409.0
1549,round-robin-no-action,44,-114424.0,1079.0
1550,round-robin-no-action,56,-122043.0,1246.0
1551,round-robin-no-action,56,-122894.0,1901.0
1552,round-robin-no-action,56,-105294.0,643.0
1553,round-robin-no-action,56,-128998.0,862.0
1554,round-robin-no-action,56,-134664.0,1119.0
1555,round-robin-no-action,62,-61452.0,1556.0
1556,round-robin-no-action,62,-130471.0,1222.0
1557,round-robin-no-action,62,-126672.0,650.0
1558,round-robin-no-action,62,-115037.0,1136.0
1559,round-robin-no-action,62,-127961.0,1097.0
1560,round-robin-no-action,65,-87334.0,1309.0
1561,round-robin-no-action,65,-93082.0,1868.0
1562,round-robin-no-action,65,-91985.0,777.0
1563,round-robin-no-action,65,-160138.0,950.0
1564,round-robin-no-action,65,-122267.0,1636.0
1565,round-robin-no-action,78,-164681.0,1473.0
1566,round-robin-no-action,78,-129290.0,1167.0
1567,round-robin-no-action,78,-171955.0,1133.0
1568,round-robin-no-action,78,-144386.0,1722.0
1569,round-robin-no-action,78,-114655.0,2174.0
1570,round-robin,7,-520.0,177.0
1571,round-robin,7,-2872.0,72.0
1572,round-robin,7,-16153.0,40.0
1573,round-robin,7,-4402.0,106.0
1574,round-robin,7,-15018.0,202.0
1575,round-robin,27,-44079.0,477.0
1576,round-robin,27,-50714.0,499.0
1577,round-robin,27,-66870.0,901.0
1578,round-robin,27,-53451.0,347.0
1579,round-robin,27,-97522.0,603.0
1580,round-robin,44,-95665.0,502.0
1581,round-robin,44,-100512.0,861.0
1582,round-robin,44,-65139.0,655.0
1583,round-robin,44,-76203.0,1143.0
1584,round-robin,44,-129397.0,955.0
1585,round-robin,56,-129869.0,644.0
1586,round-robin,56,-95102.0,291.0
1587,round-robin,56,-109921.0,394.0
1588,round-robin,56,-90949.0,413.0
1589,round-robin,56,-99518.0,719.0
1590,round-robin,62,-73324.0,814.0
1591,round-robin,62,-154078.0,532.0
1592,round-robin,62,-106207.0,665.0
1593,round-robin,62,-157480.0,613.0
1594,round-robin,62,-141238.0,480.0
1595,round-robin,65,-97078.0,700.0
1596,round-robin,65,-136989.0,461.0
1597,round-robin,65,-100178.0,463.0
1598,round-robin,65,-100970.0,493.0
1599,round-robin,65,-108939.0,441.0
1600,round-robin,78,-173609.0,977.0
1601,round-robin,78,-233450.0,906.0
1602,round-robin,78,-181979.0,890.0
1603,round-robin,78,-101765.0,863.0
1604,round-robin,78,-203801.0,1422.0
1605,random-no-action,7,-156.0,359.0
1606,random-no-action,7,-17742.0,424.0
1607,random-no-action,7,-4509.0,225.0
1608,random-no-action,7,-16412.0,408.0
1609,random-no-action,7,450.0,593.0
1610,random-no-action,27,-42934.0,706.0
1611,random-no-action,27,-33090.0,1735.0
1612,random-no-action,27,-48830.0,1443.0
1613,random-no-action,27,-44758.0,385.0
1614,random-no-action,27,-69263.0,1386.0
1615,random-no-action,44,-92425.0,862.0
1616,random-no-action,44,-77946.0,2107.0
1617,random-no-action,44,-119156.0,1285.0
1618,random-no-action,44,-54226.0,1391.0
1619,random-no-action,44,-85553.0,1648.0
1620,random-no-action,56,-121757.0,1268.0
1621,random-no-action,56,-125046.0,1424.0
1622,random-no-action,56,-130420.0,666.0
1623,random-no-action,56,-101339.0,932.0
1624,random-no-action,56,-73063.0,1148.0
1625,random-no-action,62,-60588.0,1610.0
1626,random-no-action,62,-134357.0,764.0
1627,random-no-action,62,-157315.0,1319.0
1628,random-no-action,62,-36705.0,1460.0
1629,random-no-action,62,-124331.0,1186.0
1630,random-no-action,65,-86982.0,1331.0
1631,random-no-action,65,-115933.0,1938.0
1632,random-no-action,65,-113851.0,1250.0
1633,random-no-action,65,-86726.0,924.0
1634,random-no-action,65,-71470.0,2506.0
1635,random-no-action,78,-164483.0,1484.0
1636,random-no-action,78,-162144.0,1905.0
1637,random-no-action,78,-167441.0,1001.0
1638,random-no-action,78,-142280.0,3257.0
1639,random-no-action,78,-131334.0,2076.0
1640,random,7,-520.0,177.0
1641,random,7,-2872.0,72.0
1642,random,7,-16153.0,40.0
1643,random,7,-4402.0,106.0
1644,random,7,-15018.0,202.0
1645,random,27,-44079.0,477.0
1646,random,27,-50714.0,499.0
1647,random,27,-66870.0,901.0
1648,random,27,-53451.0,347.0
1649,random,27,-97522.0,603.0
1650,random,44,-95665.0,502.0
1651,random,44,-100512.0,861.0
1652,random,44,-65139.0,655.0
1653,random,44,-76203.0,1143.0
1654,random,44,-129397.0,955.0
1655,random,56,-129869.0,644.0
1656,random,56,-95102.0,291.0
1657,random,56,-109921.0,394.0
1658,random,56,-90949.0,413.0
1659,random,56,-99518.0,719.0
1660,random,62,-73324.0,814.0
1661,random,62,-154078.0,532.0
1662,random,62,-106207.0,665.0
1663,random,62,-157480.0,613.0
1664,random,62,-141238.0,480.0
1665,random,65,-97078.0,700.0
1666,random,65,-136989.0,461.0
1667,random,65,-100178.0,463.0
1668,random,65,-100970.0,493.0
1669,random,65,-108939.0,441.0
1670,random,78,-173609.0,977.0
1671,random,78,-233450.0,906.0
1672,random,78,-181979.0,890.0
1673,random,78,-101765.0,863.0
1674,random,78,-203801.0,1422.0
1675,well-informed,7,-10505.0,83.0
1676,well-informed,7,-6836.0,41.0
1677,well-informed,7,-31731.0,219.0
1678,well-informed,7,-18600.0,56.0
1679,well-informed,7,-29521.0,100.0
1680,well-informed,27,-18870.0,1088.0
1681,well-informed,27,-86029.0,288.0
1682,well-informed,27,-41424.0,485.0
1683,well-informed,27,-53154.0,593.0
1684,well-informed,27,-63531.0,443.0
1685,well-informed,44,-66280.0,638.0
1686,well-informed,44,-69601.0,703.0
1687,well-informed,44,-106694.0,1400.0
1688,well-informed,44,-126090.0,534.0
1689,well-informed,44,-61350.0,796.0
1690,well-informed,56,-157538.0,398.0
1691,well-informed,56,-147458.0,350.0
1692,well-informed,56,-101547.0,409.0
1693,well-informed,56,-76735.0,345.0
1694,well-informed,56,-68842.0,693.0
1695,well-informed,62,-196073.0,464.0
1696,well-informed,62,-159774.0,311.0
1697,well-informed,62,-128646.0,452.0
1698,well-informed,62,-209423.0,450.0
1699,well-informed,62,-70359.0,610.0
1700,well-informed,65,-180746.0,383.0
1701,well-informed,65,-140509.0,723.0
1702,well-informed,65,-142449.0,846.0
1703,well-informed,65,-93456.0,941.0
1704,well-informed,65,-87792.0,446.0
1705,well-informed,78,-103053.0,651.0
1706,well-informed,78,-179261.0,1305.0
1707,well-informed,78,-164858.0,876.0
1708,well-informed,78,-177534.0,1156.0
1709,well-informed,78,-138243.0,1129.0
1710,informed,7,-10505.0,83.0
1711,informed,7,-6836.0,41.0
1712,informed,7,-31731.0,219.0
1713,informed,7,-18600.0,56.0
1714,informed,7,-29521.0,100.0
1715,informed,27,-18870.0,1088.0
1716,informed,27,-86029.0,288.0
1717,informed,27,-41424.0,485.0
1718,informed,27,-53154.0,593.0
1719,informed,27,-63531.0,443.0
1720,informed,44,-66280.0,638.0
1721,informed,44,-69601.0,703.0
1722,informed,44,-106694.0,1400.0
1723,informed,44,-126090.0,534.0
1724,informed,44,-61350.0,796.0
1725,informed,56,-157538.0,398.0
1726,informed,56,-147458.0,350.0
1727,informed,56,-101547.0,409.0
1728,informed,56,-76735.0,345.0
1729,informed,56,-68842.0,693.0
1730,informed,62,-196073.0,464.0
1731,informed,62,-159774.0,311.0
1732,informed,62,-128646.0,452.0
1733,informed,62,-209423.0,450.0
1734,informed,62,-70359.0,610.0
1735,informed,65,-180746.0,383.0
1736,informed,65,-140509.0,723.0
1737,informed,65,-142449.0,846.0
1738,informed,65,-93456.0,941.0
1739,informed,65,-87792.0,446.0
1740,informed,78,-103053.0,651.0
1741,informed,78,-179261.0,1305.0
1742,informed,78,-164858.0,876.0
1743,informed,78,-177534.0,1156.0
1744,informed,78,-138243.0,1129.0
1745,round-robin-no-action,7,-10349.0,161.0
1746,round-robin-no-action,7,-31030.0,297.0
1747,round-robin-no-action,7,-1434.0,47.0
1748,round-robin-no-action,7,-30092.0,235.0
1749,round-robin-no-action,7,-8898.0,977.0
1750,round-robin-no-action,27,-14300.0,2002.0
1751,round-robin-no-action,27,-31430.0,1285.0
1752,round-robin-no-action,27,-55185.0,1200.0
1753,round-robin-no-action,27,-97951.0,635.0
1754,round-robin-no-action,27,-75550.0,1224.0
1755,round-robin-no-action,44,-62986.0,1004.0
1756,round-robin-no-action,44,-196121.0,2513.0
1757,round-robin-no-action,44,-94010.0,1185.0
1758,round-robin-no-action,44,-92554.0,944.0
1759,round-robin-no-action,44,-70182.0,1633.0
1760,round-robin-no-action,56,-152936.0,752.0
1761,round-robin-no-action,56,-101382.0,659.0
1762,round-robin-no-action,56,-181098.0,625.0
1763,round-robin-no-action,56,-108695.0,662.0
1764,round-robin-no-action,56,-106862.0,838.0
1765,round-robin-no-action,62,-189561.0,871.0
1766,round-robin-no-action,62,-102867.0,772.0
1767,round-robin-no-action,62,-110312.0,969.0
1768,round-robin-no-action,62,-186378.0,497.0
1769,round-robin-no-action,62,-161589.0,724.0
1770,round-robin-no-action,65,-176506.0,648.0
1771,round-robin-no-action,65,-84344.0,2130.0
1772,round-robin-no-action,65,-108932.0,1076.0
1773,round-robin-no-action,65,-98255.0,2358.0
1774,round-robin-no-action,65,-96980.0,1195.0
1775,round-robin-no-action,78,-97221.0,975.0
1776,round-robin-no-action,78,-161477.0,1789.0
1777,round-robin-no-action,78,-184672.0,1498.0
1778,round-robin-no-action,78,-158050.0,1093.0
1779,round-robin-no-action,78,-150526.0,2287.0
1780,round-robin,7,-10505.0,83.0
1781,round-robin,7,-6836.0,41.0
1782,round-robin,7,-31731.0,219.0
1783,round-robin,7,-18600.0,56.0
1784,round-robin,7,-29521.0,100.0
1785,round-robin,27,-18870.0,1088.0
1786,round-robin,27,-86029.0,288.0
1787,round-robin,27,-41424.0,485.0
1788,round-robin,27,-53154.0,593.0
1789,round-robin,27,-63531.0,443.0
1790,round-robin,44,-66280.0,638.0
1791,round-robin,44,-69601.0,703.0
1792,round-robin,44,-106694.0,1400.0
1793,round-robin,44,-126090.0,534.0
1794,round-robin,44,-61350.0,796.0
1795,round-robin,56,-157538.0,398.0
1796,round-robin,56,-147458.0,350.0
1797,round-robin,56,-101547.0,409.0
1798,round-robin,56,-76735.0,345.0
1799,round-robin,56,-68842.0,693.0
1800,round-robin,62,-196073.0,464.0
1801,round-robin,62,-159774.0,311.0
1802,round-robin,62,-128646.0,452.0
1803,round-robin,62,-209423.0,450.0
1804,round-robin,62,-70359.0,610.0
1805,round-robin,65,-180746.0,383.0
1806,round-robin,65,-140509.0,723.0
1807,round-robin,65,-142449.0,846.0
1808,round-robin,65,-93456.0,941.0
1809,round-robin,65,-87792.0,446.0
1810,round-robin,78,-103053.0,651.0
1811,round-robin,78,-179261.0,1305.0
1812,round-robin,78,-164858.0,876.0
1813,round-robin,78,-177534.0,1156.0
1814,round-robin,78,-138243.0,1129.0
1815,random-no-action,7,-10311.0,180.0
1816,random-no-action,7,-1027.0,415.0
1817,random-no-action,7,-3957.0,96.0
1818,random-no-action,7,-15460.0,478.0
1819,random-no-action,7,-28135.0,168.0
1820,random-no-action,27,-14440.0,1974.0
1821,random-no-action,27,-55669.0,681.0
1822,random-no-action,27,-37711.0,563.0
1823,random-no-action,27,-96664.0,687.0
1824,random-no-action,27,-70044.0,614.0
1825,random-no-action,44,-62500.0,1058.0
1826,random-no-action,44,-133371.0,1458.0
1827,random-no-action,44,-154553.0,1475.0
1828,random-no-action,44,-71344.0,881.0
1829,random-no-action,44,-45463.0,1449.0
1830,random-no-action,56,-152403.0,793.0
1831,random-no-action,56,-144435.0,768.0
1832,random-no-action,56,-133249.0,1184.0
1833,random-no-action,56,-120621.0,1579.0
1834,random-no-action,56,-88392.0,1060.0
1835,random-no-action,62,-188857.0,915.0
1836,random-no-action,62,-132605.0,1487.0
1837,random-no-action,62,-111342.0,951.0
1838,random-no-action,62,-100484.0,1333.0
1839,random-no-action,62,-162212.0,1598.0
1840,random-no-action,65,-175882.0,687.0
1841,random-no-action,65,-166255.0,965.0
1842,random-no-action,65,-79770.0,1362.0
1843,random-no-action,65,-124497.0,693.0
1844,random-no-action,65,-98825.0,1171.0
1845,random-no-action,78,-95943.0,1046.0
1846,random-no-action,78,-118129.0,1251.0
1847,random-no-action,78,-166883.0,1118.0
1848,random-no-action,78,-211883.0,975.0
1849,random-no-action,78,-128702.0,2563.0
1850,random,7,-10505.0,83.0
1851,random,7,-6836.0,41.0
1852,random,7,-31731.0,219.0
1853,random,7,-18600.0,56.0
1854,random,7,-29521.0,100.0
1855,random,27,-18870.0,1088.0
1856,random,27,-86029.0,288.0
1857,random,27,-41424.0,485.0
1858,random,27,-53154.0,593.0
1859,random,27,-63531.0,443.0
1860,random,56,-157538.0,398.0
1861,random,56,-147458.0,350.0
1862,random,56,-101547.0,409.0
1863,random,56,-76735.0,345.0
1864,random,56,-68842.0,693.0
1865,random,62,-196073.0,464.0
1866,random,62,-159774.0,311.0
1867,random,62,-128646.0,452.0
1868,random,62,-209423.0,450.0
1869,random,62,-70359.0,610.0
1870,random,65,-180746.0,383.0
1871,random,65,-140509.0,723.0
1872,random,65,-142449.0,846.0
1873,random,65,-93456.0,941.0
1874,random,65,-87792.0,446.0
1875,random,78,-103053.0,651.0
1876,random,78,-179261.0,1305.0
1877,random,78,-164858.0,876.0
1878,random,78,-177534.0,1156.0
1879,random,78,-138243.0,1129.0
1880,well-informed,7,-2303.0,48.0
1881,well-informed,7,-10624.0,115.0
1882,well-informed,7,-4478.0,40.0
1883,well-informed,7,-16638.0,169.0
1884,well-informed,7,-10250.0,115.0
1885,well-informed,27,-45250.0,346.0
1886,well-informed,27,-58644.0,524.0
1887,well-informed,27,-53850.0,363.0
1888,well-informed,27,-71712.0,416.0
1889,well-informed,27,-55328.0,604.0
1890,well-informed,44,-90825.0,836.0
1891,well-informed,44,-187412.0,913.0
1892,well-informed,44,-59345.0,675.0
1893,well-informed,44,-130313.0,1008.0
1894,well-informed,44,-80913.0,1301.0
1895,well-informed,56,-136812.0,305.0
1896,well-informed,56,-151253.0,539.0
1897,well-informed,56,-67065.0,523.0
1898,well-informed,56,-122134.0,623.0
1899,well-informed,56,-105207.0,597.0
1900,well-informed,62,-122558.0,258.0
1901,well-informed,62,-112761.0,407.0
1902,well-informed,62,-110586.0,509.0
1903,well-informed,62,-137992.0,790.0
1904,well-informed,62,-153580.0,739.0
1905,well-informed,65,-130880.0,546.0
1906,well-informed,65,-166800.0,466.0
1907,well-informed,65,-106088.0,476.0
1908,well-informed,65,-78665.0,731.0
1909,well-informed,65,-138871.0,508.0
1910,well-informed,78,-254282.0,637.0
1911,well-informed,78,-206349.0,800.0
1912,well-informed,78,-179624.0,633.0
1913,well-informed,78,-176784.0,772.0
1914,well-informed,78,-206578.0,1082.0
1915,informed,7,-2303.0,48.0
1916,informed,7,-10624.0,115.0
1917,informed,7,-4478.0,40.0
1918,informed,7,-16638.0,169.0
1919,informed,7,-10250.0,115.0
1920,informed,27,-45250.0,346.0
1921,informed,27,-58644.0,524.0
1922,informed,27,-53850.0,363.0
1923,informed,27,-71712.0,416.0
1924,informed,27,-55328.0,604.0
1925,informed,44,-90825.0,836.0
1926,informed,44,-187412.0,913.0
1927,informed,44,-59345.0,675.0
1928,informed,44,-130313.0,1008.0
1929,informed,44,-80913.0,1301.0
1930,informed,62,-122558.0,258.0
1931,informed,62,-112761.0,407.0
1932,informed,62,-110586.0,509.0
1933,informed,62,-137992.0,790.0
1934,informed,62,-153580.0,739.0
1935,informed,65,-130880.0,546.0
1936,informed,65,-166800.0,466.0
1937,informed,65,-106088.0,476.0
1938,informed,65,-78665.0,731.0
1939,informed,65,-138871.0,508.0
1940,informed,78,-254282.0,637.0
1941,informed,78,-206349.0,800.0
1942,informed,78,-179624.0,633.0
1943,informed,78,-176784.0,772.0
1944,informed,78,-206578.0,1082.0
1945,round-robin-no-action,7,-2217.0,91.0
1946,round-robin-no-action,7,-27091.0,451.0
1947,round-robin-no-action,7,-12016.0,103.0
1948,round-robin-no-action,7,-8749.0,53.0
1949,round-robin-no-action,7,-17519.0,137.0
1950,round-robin-no-action,27,-44245.0,547.0
1951,round-robin-no-action,27,-58004.0,1438.0
1952,round-robin-no-action,27,-49430.0,1696.0
1953,round-robin-no-action,27,-80845.0,560.0
1954,round-robin-no-action,27,-53857.0,560.0
1955,round-robin-no-action,44,-87999.0,1150.0
1956,round-robin-no-action,44,-31341.0,964.0
1957,round-robin-no-action,44,-87803.0,2529.0
1958,round-robin-no-action,44,-55469.0,1214.0
1959,round-robin-no-action,44,-113972.0,1166.0
1960,round-robin-no-action,56,-133432.0,565.0
1961,round-robin-no-action,56,-108815.0,763.0
1962,round-robin-no-action,56,-113112.0,859.0
1963,round-robin-no-action,56,-120318.0,862.0
1964,round-robin-no-action,56,-127986.0,1146.0
1965,round-robin-no-action,62,-119214.0,467.0
1966,round-robin-no-action,62,-56176.0,1308.0
1967,round-robin-no-action,62,-132424.0,988.0
1968,round-robin-no-action,62,-100538.0,2285.0
1969,round-robin-no-action,62,-108311.0,1086.0
1970,round-robin-no-action,65,-123664.0,997.0
1971,round-robin-no-action,65,-92524.0,1090.0
1972,round-robin-no-action,65,-70555.0,958.0
1973,round-robin-no-action,65,-107932.0,973.0
1974,round-robin-no-action,65,-70408.0,900.0
1975,round-robin-no-action,78,-249152.0,922.0
1976,round-robin-no-action,78,-127769.0,1710.0
1977,round-robin-no-action,78,-89350.0,2145.0
1978,round-robin-no-action,78,-212916.0,1179.0
1979,round-robin-no-action,78,-142607.0,1533.0
1980,round-robin,7,-2303.0,48.0
1981,round-robin,7,-10624.0,115.0
1982,round-robin,7,-4478.0,40.0
1983,round-robin,7,-16638.0,169.0
1984,round-robin,7,-10250.0,115.0
1985,round-robin,44,-90825.0,836.0
1986,round-robin,44,-187412.0,913.0
1987,round-robin,44,-59345.0,675.0
1988,round-robin,44,-130313.0,1008.0
1989,round-robin,44,-80913.0,1301.0
1990,round-robin,56,-136812.0,305.0
1991,round-robin,56,-151253.0,539.0
1992,round-robin,56,-67065.0,523.0
1993,round-robin,56,-122134.0,623.0
1994,round-robin,56,-105207.0,597.0
1995,round-robin,62,-122558.0,258.0
1996,round-robin,62,-112761.0,407.0
1997,round-robin,62,-110586.0,509.0
1998,round-robin,62,-137992.0,790.0
1999,round-robin,62,-153580.0,739.0
2000,round-robin,65,-130880.0,546.0
2001,round-robin,65,-166800.0,466.0
2002,round-robin,65,-106088.0,476.0
2003,round-robin,65,-78665.0,731.0
2004,round-robin,65,-138871.0,508.0
2005,round-robin,78,-254282.0,637.0
2006,round-robin,78,-206349.0,800.0
2007,round-robin,78,-179624.0,633.0
2008,round-robin,78,-176784.0,772.0
2009,round-robin,78,-206578.0,1082.0
2010,random-no-action,7,-2241.0,79.0
2011,random-no-action,7,-23723.0,247.0
2012,random-no-action,7,-3615.0,234.0
2013,random-no-action,7,-38713.0,148.0
2014,random-no-action,7,-2818.0,512.0
2015,random-no-action,27,-44375.0,521.0
2016,random-no-action,27,-63049.0,438.0
2017,random-no-action,27,-89315.0,1117.0
2018,random-no-action,27,-22669.0,1040.0
2019,random-no-action,27,-47246.0,1046.0
2020,random-no-action,44,-88215.0,1126.0
2021,random-no-action,44,-112987.0,1640.0
2022,random-no-action,44,-162102.0,1287.0
2023,random-no-action,44,-130969.0,1362.0
2024,random-no-action,44,-119528.0,1379.0
2025,random-no-action,56,-133575.0,554.0
2026,random-no-action,56,-95685.0,1148.0
2027,random-no-action,56,-95788.0,956.0
2028,random-no-action,56,-136108.0,899.0
2029,random-no-action,56,-95792.0,674.0
2030,random-no-action,62,-119422.0,454.0
2031,random-no-action,62,-155254.0,993.0
2032,random-no-action,62,-130950.0,548.0
2033,random-no-action,62,-49412.0,1272.0
2034,random-no-action,62,-94307.0,1762.0
2035,random-no-action,65,-124032.0,974.0
2036,random-no-action,65,-92960.0,1336.0
2037,random-no-action,65,-75741.0,1050.0
2038,random-no-action,65,-66218.0,1063.0
2039,random-no-action,65,-75197.0,1656.0
2040,random-no-action,78,-249314.0,913.0
2041,random-no-action,78,-111639.0,1625.0
2042,random-no-action,78,-108007.0,1175.0
2043,random-no-action,78,-206615.0,1369.0
2044,random-no-action,78,-138397.0,1167.0
2045,random,7,-2303.0,48.0
2046,random,7,-10624.0,115.0
2047,random,7,-4478.0,40.0
2048,random,7,-16638.0,169.0
2049,random,7,-10250.0,115.0
2050,random,27,-45250.0,346.0
2051,random,27,-58644.0,524.0
2052,random,27,-53850.0,363.0
2053,random,27,-71712.0,416.0
2054,random,27,-55328.0,604.0
2055,random,44,-90825.0,836.0
2056,random,44,-187412.0,913.0
2057,random,44,-59345.0,675.0
2058,random,44,-130313.0,1008.0
2059,random,44,-80913.0,1301.0
2060,random,56,-136812.0,305.0
2061,random,56,-151253.0,539.0
2062,random,56,-67065.0,523.0
2063,random,56,-122134.0,623.0
2064,random,56,-105207.0,597.0
2065,random,62,-122558.0,258.0
2066,random,62,-112761.0,407.0
2067,random,62,-110586.0,509.0
2068,random,62,-137992.0,790.0
2069,random,62,-153580.0,739.0
2070,random,65,-130880.0,546.0
2071,random,65,-166800.0,466.0
2072,random,65,-106088.0,476.0
2073,random,65,-78665.0,731.0
2074,random,65,-138871.0,508.0
2075,random,78,-254282.0,637.0
2076,random,78,-206349.0,800.0
2077,random,78,-179624.0,633.0
2078,random,78,-176784.0,772.0
2079,random,78,-206578.0,1082.0
2080,well-informed,78,-199695.0,877.0
2081,well-informed,78,-144798.0,1172.0
2082,well-informed,78,-224869.0,605.0
2083,well-informed,78,-209469.0,740.0
